{"mean": [0.48262745429549303, 0.2745109491965227, -0.15219186918472338, 0.4875310608866619, 0.2653500979755357, -0.13802122174386391, 0.4903478665135757, 0.2651396247378567, -0.1380036773258134, 0.4930762561441165, 0.2649708434242254, -0.13799040618063937, 0.47979036217544513, 0.265451813911834, -0.1356711740883296, 0.47739409424408136, 0.2652856264023753, -0.13567112225559894, 0.4750561516361627, 0.2651179897332052, -0.13565521002665423, 0.4976017569240771, 0.26852509623382526, -0.05606232007300992, 0.47304723233158824, 0.26836182190137997, -0.04461345297682007, 0.4880036970502452, 0.28491460061387014, -0.12155163282329728, 0.47796775984485246, 0.2847523672277467, -0.11831805955588665, 0.5213240073089711, 0.3260359680443479, -0.04446614310907864, 0.45501292387993014, 0.32051749910876065, -0.027228361020158773, 0.5246219417156531, 0.3503145231315267, -0.17080674477313695, 0.4404775949946621, 0.3363328643622454, -0.1530521343562926, 0.506608062233144, 0.35204418465407966, -0.2864204422946562, 0.45000781362865405, 0.34381629112694, -0.2821231782272981, 0.4985176665566818, 0.3520566703021875, -0.3190769702196121, 0.45559256231924244, 0.3474840731822956, -0.3152260075034628, 0.494415858248521, 0.3500302426996287, -0.3162166169076635, 0.4601368440522088, 0.3469087199596634, -0.3134732992110545, 0.4960368098745569, 0.3508327517070268, -0.28891572534863713, 0.4600211059489445, 0.34697367076636754, -0.28674445915640445, 0.5030676545629724, 0.47438585993490723, -0.0037849784506473996, 0.4615297032552853, 0.4701099808801684, 0.0037389904725615695, 0.51206745024313, 0.5676783598654451, -0.10686790083714745, 0.4368387299497225, 0.5651297661644673, -0.08975317638656069, 0.5074215773601978, 0.6594216276330558, 0.03151922635951934, 0.4371081762320814, 0.6568703590429317, 0.043857457432133415, 0.5016589520270365, 0.6688225711995398, 0.039196059630628215, 0.44438265525458154, 0.6693695185825839, 0.051022617336994376, 0.5194138840973725, 0.6958941981109262, -0.0621626032461897, 0.41985919147904155, 0.6879570438847904, -0.04491721738772521], "scale": [0.0027030454240156245, 0.07474347950312657, 0.08709873792713142, 0.002815802798113049, 0.07435913732692515, 0.08834786471869364, 0.003108464396516812, 0.07425323909724256, 0.08834921424355655, 0.003320151515186391, 0.0741389150220837, 0.08834189818146142, 0.002236227061825924, 0.07450606610251365, 0.0885256390218661, 0.0019843279583234064, 0.0744496006010856, 0.08853540217337287, 0.0018053424708346568, 0.07441424191753819, 0.08854957443516388, 0.002964990687151242, 0.07318411018104254, 0.08892422829657061, 0.001560825429038949, 0.07350570918901267, 0.0898445956904537, 0.0030026708597244663, 0.07382343218062792, 0.08697814072846573, 0.0023397793701114005, 0.07354810953410881, 0.08719963723442294, 0.004858916105854004, 0.06416729304705414, 0.063111940289944, 0.00220723001049797, 0.06380797648313456, 0.06956517604181785, 0.0057760273711909465, 0.0611537627381889, 0.06639681042720962, 0.0068101917679790755, 0.06890402943280101, 0.06788545989130448, 0.015725057843733896, 0.08575911792501908, 0.08966911977010211, 0.01351148381589057, 0.08790299989307294, 0.09836300524577071, 0.02026157389976806, 0.09519059500559943, 0.09453423095351285, 0.01842230562595744, 0.09617402941918857, 0.10326122015526869, 0.0195757572812178, 0.09605351181191586, 0.07752774928674547, 0.018195261157756625, 0.09531177296003966, 0.08998946801454079, 0.01778738168970058, 0.09270863432511797, 0.08425778359853733, 0.016209792783099915, 0.0924165790491867, 0.09452031280026094, 0.0017019756442046357, 0.050555827181469434, 0.004715396259368851, 0.0012458089022084594, 0.0498778537170429, 0.004765184547467641, 0.00968199367038843, 0.016939876793269037, 0.10905443523476299, 0.010717667604891233, 0.013639758879611984, 0.09723344621288002, 0.0006007688886766515, 0.000603785446477899, 0.09021022621833137, 0.0006322794869227167, 0.0012295343426988892, 0.07887266095006105, 0.0014339576465177474, 0.0012522477438036235, 0.0875724166344904, 0.0009876823213713765, 0.0010139715812645187, 0.07634186960618956, 0.0017290732747290152, 0.0014524139490527898, 0.07917918633730565, 0.002008665434186339, 0.002479715835307498, 0.06406241123675306]}